{
  "C10M TCP Echo (Pulse Cannon)": {
    "Salt (MLIR/LLVM, kqueue)": {
      "binary_size_bytes": 91752,
      "peak_rss_kb": 1152,
      "throughput_rps_mean": 27275.666666666668,
      "throughput_rps_stdev": 880.7793897073963,
      "throughput_rps_variance": 775772.3333333334,
      "throughput_rps_min": 26284.0,
      "throughput_rps_max": 27967.0,
      "throughput_rps_p99": 27967.0,
      "latency_avg_us_mean": 36.69,
      "latency_avg_us_stdev": 1.204034883215598,
      "latency_avg_us_variance": 1.4496999999999989,
      "latency_avg_us_min": 35.76,
      "latency_avg_us_max": 38.05,
      "latency_avg_us_p99": 38.05
    },
    "C (clang -O3, kqueue)": {
      "binary_size_bytes": 34168,
      "peak_rss_kb": 480,
      "throughput_rps_mean": 29515.0,
      "throughput_rps_stdev": 7926.554547847381,
      "throughput_rps_variance": 62830267.0,
      "throughput_rps_min": 24481.0,
      "throughput_rps_max": 38652.0,
      "throughput_rps_p99": 38652.0,
      "latency_avg_us_mean": 35.35666666666667,
      "latency_avg_us_stdev": 8.24985656440967,
      "latency_avg_us_variance": 68.06013333333334,
      "latency_avg_us_min": 25.87,
      "latency_avg_us_max": 40.85,
      "latency_avg_us_p99": 40.85
    },
    "Rust (Tokio async)": {
      "binary_size_bytes": 628176,
      "peak_rss_kb": 3360,
      "throughput_rps_mean": 26403.333333333332,
      "throughput_rps_stdev": 2284.96331115695,
      "throughput_rps_variance": 5221057.333333333,
      "throughput_rps_min": 23768.0,
      "throughput_rps_max": 27832.0,
      "throughput_rps_p99": 27832.0,
      "latency_avg_us_mean": 38.07333333333333,
      "latency_avg_us_stdev": 3.4642507607465913,
      "latency_avg_us_variance": 12.001033333333337,
      "latency_avg_us_min": 35.93,
      "latency_avg_us_max": 42.07,
      "latency_avg_us_p99": 42.07
    }
  }
}